{"cameraMode":{"drawMode":0,"name":"Shaded","section":"Shading Mode"},"sceneLighting":true,"audioPlay":false,"sceneViewState":{"m_AlwaysRefresh":false,"showFog":true,"showSkybox":true,"showFlares":true,"showImageEffects":true,"showParticleSystems":true,"showVisualEffectGraphs":true,"m_FxEnabled":true},"in2DMode":false,"pivot":{"x":-0.9633724689483643,"y":1.2198847532272339,"z":7.277281761169434},"rotation":{"x":-0.09392343461513519,"y":0.8851788640022278,"z":-0.2037711888551712,"w":-0.40855497121810915},"size":1.5516867637634278,"orthographic":false}