{"cameraMode":{"drawMode":0,"name":"Shaded","section":"Shading Mode"},"sceneLighting":true,"audioPlay":false,"sceneViewState":{"m_AlwaysRefresh":false,"showFog":true,"showSkybox":true,"showFlares":true,"showImageEffects":true,"showParticleSystems":true,"showVisualEffectGraphs":true,"m_FxEnabled":true},"in2DMode":false,"pivot":{"x":-4.550388336181641,"y":0.23052571713924409,"z":2.1963348388671877},"rotation":{"x":-0.1150331124663353,"y":0.5120410919189453,"z":-0.06895867735147476,"w":-0.8495098948478699},"size":3.3544745445251467,"orthographic":false}