{"cameraMode":{"drawMode":0,"name":"Shaded","section":"Shading Mode"},"sceneLighting":false,"audioPlay":false,"sceneViewState":{"m_AlwaysRefresh":false,"showFog":true,"showSkybox":false,"showFlares":true,"showImageEffects":true,"showParticleSystems":true,"showVisualEffectGraphs":true,"m_FxEnabled":true},"in2DMode":false,"pivot":{"x":2.9802322387695315e-8,"y":0.4900267720222473,"z":0.028090178966522218},"rotation":{"x":0.0007257621618919075,"y":0.9751250743865967,"z":-0.22196027636528016,"w":0.003218253841623664},"size":1.1795191764831544,"orthographic":false}